{"cameraMode":{"drawMode":0,"name":"Shaded","section":"Shading Mode"},"sceneLighting":false,"audioPlay":false,"sceneViewState":{"m_AlwaysRefresh":false,"showFog":true,"showSkybox":false,"showFlares":true,"showImageEffects":true,"showParticleSystems":true,"showVisualEffectGraphs":true,"m_FxEnabled":true},"in2DMode":false,"pivot":{"x":-0.00194559246301651,"y":0.6914016604423523,"z":0.12035730481147766},"rotation":{"x":-0.048380739986896518,"y":-0.9415916204452515,"z":0.15419557690620423,"w":-0.2956233322620392},"size":0.9297642707824707,"orthographic":false}